,Start,End,Sequence,Length,Color,
,0[139],3[139],GCAAGCGAAGCGAAAACGCGCGGGGAGATTCTTTTCACCAGT,42,#007200,
,2[293],5[293],GATTGTATAAGCACACCCCGGTTGATAAAGCATGTGGGAGCT,42,#007200,
,2[461],5[461],AATTCATCAATAATCGGAATTATCATCAAGAAACCGAGTAGA,42,#007200,
,4[531],0[518],CGACCCTCAATCAATTGCAACAGGAAAAGAGAGCCAGCAGTT,42,#007200,
,7[112],10[112],CTCAGTTGAGATTTAACGCCAAAAGGAAAAACGAGAAAAATC,42,#007200,
,8[125],11[125],AGAAAGATTCATATTTAATAAAACGAACTGGGAAGAATGACC,42,#007200,
,8[503],11[503],CATTTTCGGTCACGTTTGCCTTTAGCGTAGTAGCGTAAGCAG,42,#007200,
,9[476],7[489],CCCTCAGAGCCAAGCCACCCTCAGAACCGAGCCTCCCTCAGA,42,#007200,
,10[237],6[224],TTGAGGCAAAAGAACGCGTTTTAATTCGTTCCATTAAACGTC,42,#007200,
,10[447],6[434],CGACGGGGTCAGTGTAATAAGAGCAAGACCAGTAAGCGTCAG,42,#007200,
,13[257],10[252],AAAGGAGCCAGGACTAGGAAGCAATATTCGGTCGCTG,37,#007200,
,1[154],4[154],TTAGCCGGAAGCATGCTAACTCACATTAGGGCGCTCATGGTC,42,#03b6a2,
,1[280],4[280],GAAAATATTTAAATTAAATTTTTGTTAATCAGAGCCAATCAT,42,#03b6a2,
,1[448],4[448],AATAATCCTGATTGAGAACCTACCATATCTTGCCTACCAGAA,42,#03b6a2,
,3[308],1[321],AGCAAACAAGAGTTCATTGCCTGAGAGTTTACAAAGGCTATC,42,#03b6a2,
,4[195],0[182],CGAGGATCCCCGGGGCGCGTAACCACCACACGACGTTGTAGG,42,#03b6a2,
,6[293],25[286],CACTTTCGAGGTGAAGGATTATAGCTATTTTCGCA,35,#03b6a2,
,10[405],13[398],TTGTACCGACAAAATAATATCAGAGAGACGGATAAGTGCCGCGTTTTGT,49,#03b6a2,
,10[531],6[518],AGAAACCATCGATATTACCAGAAGGAAAGCCAGCAAAATCTT,42,#03b6a2,
,21[275],16[280],GCAAAATTAAGCAATAAAGAAAACATTATGAGTTCATTTGACCGTGT,47,#03b6a2,
,6[317],13[322],GGCCGGAGACTTCTAGCTGATAAAT,25,#111111,
,14[325],14[301],AAAGGAACAACTAAAGGAATTGCGA,25,#111111,
,2[251],5[251],GTAATGGGATAGCACCGTCGGATTCTCCATGTGAGTGACGAG,42,#1700de,
,4[321],0[308],CTAATCGATGAACGTTAAAGGGATTTTATTTGAGAGATCTTT,42,#1700de,
,4[363],0[350],CTCTGATGCAAATCAAGTGTTTTTATAATGAGAGACTACCAG,42,#1700de,
,7[341],19[363],TTTAGCGTTACCAACGCTAACGAAATTTTATTGAAGC,37,#1700de,
,7[448],10[448],TGAAACAAATAAATCTGAATTTACCGTTAACAATGGAGCCGC,42,#1700de,
,8[461],11[461],CTTGATATTCACATAGCATTGACAGGAGACCACCAAAATAGC,42,#1700de,
,9[273],18[273],GCCCATTTGCGCCGACAATGATTGCTTGATACCGAATTTCAA,42,#1700de,
,11[126],8[126],ATAAATCGATACATAGGAATACCACATTTAATTATTACAGGT,42,#1700de,
,11[252],8[252],CCAGACCAAGACTTACGGCTACAGAGGCCATCAGCAGCGAAA,42,#1700de,
,11[546],8[546],TAATAACTTGAGCCAAGGTGAATTATCAAAGGAGGGAAGGTA,42,#1700de,
,16[377],11[384],TTAGTACGCATGTAGTCCAGATGTCAGAGGGTAAT,35,#1700de,
,16[384],15[398],AGGAGGTACAACGCCAACATGTAATTTA,28,#1700de,
,22[300],7[317],ATGCTGTGTTTTAATCACCATTTAGGTAAAGATTCAAAAGGGTGA,45,#1700de,
,0[97],3[97],AGGGCGAGACGGGGAGATAGGGTTGAGTTTTGGAACAAGACC,42,#222222,left
,0[559],3[559],TTAACACTTTTGACTTTTGAATGGCTATACATCGCCATTAAG,42,#222222,right
,1[112],4[112],GGCCTTCACCGCCTCTGGTTTGCCCCAGTGGCGAGTGCGTAT,42,#222222,left
,1[532],4[532],CTGAAGATAAAACAAACAGTGCCACGCTACGCTCATAATGCG,42,#222222,right
,2[125],5[125],ACAGCTGATTGCTTCGCCAGGGTGGTTTGGCGGTTAAAGGAA,42,#222222,left
,2[545],5[545],GAACCACCAGCAAACTGATAGCCCTAAATAGTCTTTGGAAAT,42,#222222,right
,3[98],1[111],CTTATAAATCAAGGCCGAAATCGGCAAATCCTGTTTGATGGT,42,#222222,left
,3[560],1[573],AACCCTTCTGACCTTCTGGCCAACAGAGAGATTCACCAGTCA,42,#222222,right
,4[111],0[98],TGAAGAATAGCCCGAAAGCCGGCGAACGCAGGCGAAAATCAA,42,#222222,left
,4[573],0[560],GGCACAGACAATATGCTCAATCGTCTGATTACATTGGCAGTA,42,#222222,right
,5[84],2[84],AGAGCTTAAAACCGCGTGGACTCCAACGATGTCCACTATTAA,42,#222222,left
,5[546],2[546],ACCTACACGCCTGCGAGGTGAGGCGGTCATAAAATACCGAAC,42,#222222,right
,1[238],4[238],CGGTCACGTTGGTGGTTTGAGGGGACGAGTTGCTTCGAGTAA,42,#333333,
,2[503],5[503],CTAACAACTAATTTGGAATTGAGGAAGGGCAAATCGAACAAT,42,#333333,
,4[489],0[476],GAAGTAACATTATCCGGCCTTGCTGGTAACAATTCGACAAGA,42,#333333,
,5[210],2[210],AATGCGCTAACGCCTGTGCTGCAAGGCGCCGCCTCTTCGCTA,42,#333333,
,6[139],9[139],TAATGCAAAAAATCACCAGTCAGGACGTTAACGGAACAACTG,42,#333333,
,7[196],10[196],CTATAAATTGTGTCGGAACGAGGCGCAGAAGAGGAGACCCCC,42,#333333,
,7[490],10[490],GCTAGCCCCCTTATCCGGAACCAGAGCCAGAAAAGACAGAAT,42,#333333,
,10[391],16[385],GGTAAAGTAATTCTGAACCGTACTAATAGCCAGTC,35,#333333,
,11[504],8[504],ATAGCCGAAAATCATAGCGTTTGCCATCGGCGTTTTCATCGG,42,#333333,
,16[398],7[405],TTTTCGAAGAGAATATAAAAATAAGTATAGCCCGGTAGTCGAGAGGGTT,49,#333333,
,20[293],7[293],CAGGCAACCTCATACGGGAGAAGCCTTTTACCCTGTAATACT,42,#333333,
,23[275],24[273],GCTCCTTTTGATACGAGTAGATTTAG,26,#333333,
,0[307],3[307],GTTAAAAAGGCCGAGTAATCGTAAAACTTCAGAAAAGCCCGG,42,#57bb00,
,0[433],3[433],GCAAAAGCTTTGATTACAGTAACAGTACCCTGATTGCTTTTT,42,#57bb00,
,0[517],3[517],GAGGATTCCAGCCATATCTGGTCAGTTGTTATCTAAAATAAC,42,#57bb00,
,3[392],1[405],TTTTAATGGAAAAATTTCATTTGAATTAAGTAATTACATTTA,42,#57bb00,
,4[405],0[392],GACAGTACATAAATGTCCATCACGCAAAAGAAAACAAAATTC,42,#57bb00,
,6[356],13[342],TAAGAACGCATTCCACTTTCAACAGTTTCAGCGGACTACAAC,42,#57bb00,
,6[559],9[559],CACCGACGGAATACGAAAATTCATATGGCAACCGATTGAGAG,42,#57bb00,
,8[209],11[209],TATCATCGCCTGGAATTATACCAAGCGCCATCTTTAGCCCGA,42,#57bb00,
,8[377],16[364],CCAATTATTTTCGTTTTACGACGCCACC,28,#57bb00,
,10[312],20[294],AGTACGGTGTCTGGAAGTAAGCTGAATGTACCACCTCAGAAATCATA,47,#57bb00,
,10[573],6[560],TGTCACAATCAATACCAAAAGAACTGGCCTCCTTATTACGGT,42,#57bb00,
,19[301],21[316],AATGCAATCCAATAGCATAAAGCAGTAGTA,30,#57bb00,
,22[370],25[370],AATAGCATTAACTGATGCAGAACGCGCCAAAAATAATATCAC,42,#57bb00,
,25[287],23[300],AATGGTCTCTGCGAAAGAGGTCATTTTT,28,#57bb00,
,25[371],22[371],GACAATATCAGCTAAACACCCTGTTTTTTTTTTAACAAAGAA,42,#57bb00,
,0[181],3[181],TGCCTAATCACGCTTACCGAGCTCGAATAAATTGTTATCCCA,42,#7300de,
,0[475],3[475],ATAATGGAAACTATATTTTGCGGAACAATATTCCTGATTAAT,42,#7300de,
,1[196],4[196],GTGCGAAAGGGGGAAGGGTTTTCCCAGTCACCCGCCAGGCTG,42,#7300de,
,3[140],1[153],GCCAGCTGCATTAGAGTCGGGAAACCTGTGTCACTGCCCGCT,42,#7300de,
,3[266],1[279],CGTCTGGCCTTCGTGCCATCAAAAATAAGTTTTAACCAATAG,42,#7300de,
,3[350],1[363],TATATGTAAATGGTTAGGTTGGGTTATATGTTTTTAACCTCC,42,#7300de,
,3[434],1[447],TTCAGGTTTAACAGAAAGAAATTGCGTACTCACGTAAAACAG,42,#7300de,
,5[336],2[336],GCCAGAAACCAGTAATGTACCGTAACACTACCTCATTTTCAG,42,#7300de,
,6[181],9[181],AAACACCGCGGATTGCATAGGCTGGCTGGATATTCATTACAC,42,#7300de,
,6[223],9[223],CATGTTACAAATATTACACTAAAACACTGAAACAAAGTACAA,42,#7300de,
,6[475],9[475],GGAAAGCATCTTACCCGCCACCAGAACCGTTGAGGCAGGTCA,42,#7300de,
,9[518],7[531],ACGTCACCAATGACCCATTAGCAAGGCCTTACCAGTAGCACC,42,#7300de,
,14[398],11[391],GACGTTAGTAAATGAATTTTCCGTAACGATCTAAAAAGCAAATGAGCGC,49,#7300de,
,20[349],9[349],GGTATTACGCACTCATCGAGAGAGCCTAATTTGCCTAAACAG,42,#7300de,
,20[356],18[343],AAGAACGGGAGGTTTCCTGAATCAACCT,28,#7300de,
,20[377],7[370],GCTGTCTCAAGATTTTGCACCCAGCTACGCATCGT,35,#7300de,
,22[309],25[309],CTGAATATAGCGGATGAGTTGATTCCCAATAATTTCATTCCATATA,46,#7300de,
,13[323],14[326],TAATGCCGGAGAAGTGAGAATAG,23,#888888,
,13[343],23[349],GCCTGTAGCGAGGCTTAACGATTTTTTGCAGAGAGAATAACAGAAGCGC,49,#888888,
,24[349],23[356],CAACAATAGTTTTTTTTTTATAAGTCCTGAACAAGTGTTTATATTAGAC,49,#888888,
,0[391],3[391],AATAGTGAGAGTCTCAATATATGTGAGTAATTAATTTTCCTT,42,#aaaa00,
,3[182],1[195],GGTCGACTCTAGCACAAGCTTGCATGCCGGAAACGACGGCCA,42,#aaaa00,
,5[168],2[168],GTAGCGGTGAGTGAAAAGTGTAAAGCCTTGGCTCACAATTCC,42,#aaaa00,
,5[504],2[504],ATTACCGTAGAAGTTCAATAGATAATACGATCTTTAGGAGCA,42,#aaaa00,
,10[153],6[140],TACTGGCTCATTATAGGTCTTTACCCTGTTGAGATGGTTTAC,42,#aaaa00,
,11[210],8[210],AAGACTTCTTAGCCGAAATCCGCGACCTCCAACGGAGATTTG,42,#aaaa00,
,14[300],11[312],ATAATAAATGATATTCAACCGAGTCAAAATATGCAACTAA,40,#aaaa00,
,15[301],9[314],CATATGCGTTATACGACCTAACATCAAT,28,#aaaa00,
,15[350],20[357],AGGGCTTCCGCCACCCATATTATTTAAACTTTCCAACAAGCATCATTCC,49,#aaaa00,
,16[349],15[349],CCTCAGAACCGCCACAACGCTCAACAGT,28,#aaaa00,
,23[357],10[350],GGGAGAAGCCTTTATTTAACGTCAAAAACGCCATCCTTCCCAATCCAAA,49,#aaaa00,
,25[273],6[273],AGATACAATCGCATAACCGATAACTCCAACAGGTCATTTCTT,42,#aaaa00,
,0[223],3[223],AGTTGGGCGCTACAGGCAAAGCGCCATTCGATCGGTGCGGGG,42,#b8056c,
,1[322],4[322],AGCAATAGGAACCCCAAGGGTAGCTATTGACAGGAGAGAAAA,42,#b8056c,
,2[419],5[419],ACAAAATCGCGCAACAATAACGGATTCGCTTTTACTTGTAGC,42,#b8056c,
,3[518],1[531],CTCAAATATCAAAAAGCATCACCTTGCTATCAAATGAAAAAT,42,#b8056c,
,4[153],0[140],ATAATGAATCGGCCAGGAGCGGGCGCTAATTGCGTTGCGCCA,42,#b8056c,
,4[237],0[224],CATGCCGGAAACCAGGGCGCGTACTATGCGACAGTATCGGTA,42,#b8056c,
,5[126],2[126],GGGAAGAGTCCACGGGCCCTGAGAGAGTTCGTGAGACGGGCA,42,#b8056c,
,7[154],10[154],AACATTCAGTGAATGTAGTAAATTGGGCACTATTATCAAGAG,42,#b8056c,
,7[371],14[363],AGGAATCTAGAAGGTAGTTAGTGTATGGGATTTTGC,36,#b8056c,
,8[167],11[167],AACAAAGCTGCTTCCTTGACAAGAACCGACCTTCATAGTCAG,42,#b8056c,
,9[140],7[153],CGATTTTAAGAAATATTGTGAATTACCTCAAATTTCAACTTT,42,#b8056c,
,9[224],7[237],CCTAAAACGAAAAACCACTACGAAGGCAGCGGTAAAATACGT,42,#b8056c,
,9[252],16[257],GGATCGTCACCCACTAAATAAGA,23,#b8056c,
,9[434],7[447],TAATAAGTTTTACCGATACAGGAGTGTATTATACATGGCTTT,42,#b8056c,
,11[462],8[462],AATAGCTGCAGTCTCCTCATTAAAGCCAGCCAGACGATTGGC,42,#b8056c,
,14[362],6[357],TAAACAACAGACAGCCCTCACTTATCCGGTATTC,34,#b8056c,
,15[257],9[272],ATAAACACCGGAATCAAAGGCGTAACCATC,30,#b8056c,
,15[326],15[325],AGTATAAAGCCCTTAGTTAATTTCATCTTCTAAATTCTTACC,42,#b8056c,
,16[279],9[293],GATAAATTAATTACTAGAAAAAGCCTGTAATACCGGGGCGCG,42,#b8056c,
,0[265],3[265],CCGTGCAAACGTGCTTCATCAACATTAAGTGGGAACAAACCG,42,#cc0000,
,0[349],3[349],TTTCGTCTCCTGAGCAATCGCAAGACAACAGAGCCACCACAC,42,#cc0000,
,1[406],4[406],ACAGAGGCGAATTATGAAACAAACATCATTAACCGATCGGGA,42,#cc0000,
,1[490],4[490],CCAGATTAGAGCCGATTAGACTTTACAAATATCCAAACAGTT,42,#cc0000,
,2[335],5[335],GGATAGCAAGCCGTTTCAAATATATTCTAGAACGCACGGTAC,42,#cc0000,
,3[476],1[489],TTTAAAAGTTTGAATGCCCGAACGTTATCTCTCGTATTAAAT,42,#cc0000,
,4[279],0[266],ATCTGTAGCCAGCTTTTCCTCGTTAGAAATCAGCTCATTTAA,42,#cc0000,
,5[252],2[252],CACGTATTCTGCCATAGATGGGCGCATCTTGGCGGATTGACC,42,#cc0000,
,6[384],8[378],TCAGATAATTACCGCGCCCAAAATAGGTGTATCAA,35,#cc0000,
,6[517],9[517],CATAATCAACAAAGGCAGCACCGTAATCCAGACTGTAGCGAA,42,#cc0000,
,8[251],11[251],GACAGCATCGGATGAGGCCGCTTTTGCGAGGCTTGAAGCGAA,42,#cc0000,
,8[545],11[545],AATATTGACGGATAAAAAGGGCGACATTTTTACCAAACGCAA,42,#cc0000,
,9[98],7[111],GACGACGATAAACGCATAACCCTCGTTTCCGTAAGAGCAACA,42,#cc0000,
,9[560],7[573],AAACGCAAAGACACGGTGGCAACATATACCCAGTATGTTAGC,42,#cc0000,
,10[489],6[476],CACCACCCTCAGAGCGAAGCCCTTTTTAACCACCGGAACCAT,42,#cc0000,
,11[84],8[84],CCCCCTCGAATCGTAGACTGGATAGCGTACTAATAGTAAAAT,42,#cc0000,
,13[287],13[286],GCTTGATTTTTTTCACGTTGAAAATCTCGTATCGGTTTATCA,42,#cc0000,
,18[309],19[300],CCTGAGTAATGTGTTGTATTTTA,23,#cc0000,
,2[209],5[209],TTACGCCAGCTGGCACTGTTGGGAAGGGCGCCATTCGCGCTT,42,#f74308,
,3[224],1[237],CACCGCTTCTGGACCTCCAGCCAGCTTTATCCTCAGGAAGAT,42,#f74308,
,5[294],2[294],AAACAGGTTCGCATTGTAAACGTTAATACTCAAAAACAGGAA,42,#f74308,
,5[462],2[462],AGAACTCAAGGGTTTTTGGATTATACTTTATCAGATGATGGC,42,#f74308,
,6[97],9[97],TACTGCGAAATGCTGAGAGGCTTTTGCATGCCAGAGGGGGCA,42,#f74308,
,6[272],14[257],AAACATGTTTAATTCAAAAAAAAGGCTCCA,30,#f74308,
,7[238],10[238],AAACGAGGGTAGCATTTCATGAGGAAGTAGCTTCACAGGGAG,42,#f74308,
,7[532],10[532],ATAATTATTCATTAATTTGGGAATTAGACCGAGGAGCGCCAA,42,#f74308,
,8[314],15[300],CTAATTAAATCGGTAAGGTGGATTTAATGGTTTGATTAGTAT,42,#f74308,
,8[419],11[419],TGAAAGTATTAATATGCCCCCTGCCTATGCCCGTACAAGAAT,42,#f74308,
,10[111],6[98],TAAACCAAAATAGCTTAAACAGTTCAGATTACGAGGCATAAA,42,#f74308,
,10[195],6[182],AGTACAGACCAGGCGCATCAAAAAGATTACGGTCAATCATAG,42,#f74308,
,10[293],22[275],ACCTGTTGAAACATAGCTCGAGTACCTTTAATT,33,#f74308,
,11[420],8[420],TGAGTTAGGGGTTTCCTCAAGAGAAGGACTTATTCTGAAACA,42,#f74308,
,16[363],15[377],CTCAGAAAATTGAGAATCGCCATATTTA,28,#f74308,
,19[364],21[379],CTTAAATTTCCTTAAGCCGTTTTCAATAAT,30,#f74308,
,1[364],4[364],GGATAGCTTAGATTCAAAATCATAGGTCTCAGTGACTTGCTT,42,#f7931e,
,2[167],5[167],ACACAACATACGCCCTGTTTCCTGTGTGTCGTAATGGCAAGT,42,#f7931e,
,2[377],5[377],GAAAACATAGCGCTAAATCGTCGCTATTGAATAACGGCCACC,42,#f7931e,
,4[447],0[434],GGGTCAGATGAATATAGTAATAACATCACAAAATTATTTGGA,42,#f7931e,
,5[378],2[378],GAGTAAAAATTTATAAGACGCTGAGAAGCCCTTAGAATCCTT,42,#f7931e,
,5[420],2[420],AATACTTAAGATGATTCATTTCAATTACGAGAATACCAAGTT,42,#f7931e,
,6[433],9[433],GATTAGCAGCCCAACCTTGAGTAACAGTTTCGGAACCTATGG,42,#f7931e,
,7[406],10[406],GAGAGGCTGAGACTTGCTCAGTACCAGGTAACCCATAAACAG,42,#f7931e,
,9[182],7[195],AGATGAACGGTGCGCCAACTTTGAAAGACGAAGGGAACCGAA,42,#f7931e,
,11[168],8[168],AAGCAAAAGAACGAAAGGCTTGCCCTGAGGCCAAATCAACGT,42,#f7931e,
,19[273],20[275],AAAATTTTTAGAACGGCAAAGAATTA,26,#f7931e,